{"sections":{"slideshow_p6BGwE":{"type":"slideshow","blocks":{"slide_X3KfGk":{"type":"slide","settings":{"image":"shopify:\/\/shop_images\/2148074857.jpg","image_overlay_opacity":30,"heading":"সম্পূর্ণ হালাল ও প্রাকৃতিক অর্গানিক মেহেদী","heading_size":"h1","subheading":"Mehendi By Saba","button_label":"Shop Now","link":"shopify:\/\/collections\/all","button_style_secondary":false,"show_text_box":false,"box_align":"middle-left","text_alignment":"center","text_alignment_mobile":"center","color_scheme":"scheme-3"}},"slide_ABhr4e":{"type":"slide","disabled":true,"settings":{"image_overlay_opacity":0,"heading":"Image slide","heading_size":"h1","subheading":"Tell your brand's story through images","button_label":"Shop Now","link":"shopify:\/\/collections\/all","button_style_secondary":false,"show_text_box":false,"box_align":"middle-center","text_alignment":"center","text_alignment_mobile":"center","color_scheme":"scheme-3"}}},"block_order":["slide_X3KfGk","slide_ABhr4e"],"custom_css":[],"name":"t:sections.slideshow.presets.name","settings":{"layout":"full_bleed","slide_height":"large","slider_visual":"dots","auto_rotate":false,"change_slides_speed":5,"image_behavior":"none","show_text_below":true,"accessibility_info":"Slideshow about our brand"}},"rich_text_iN3YnF":{"type":"rich-text","blocks":{"heading_yQXijT":{"type":"heading","settings":{"heading":"Shop By Categorys","heading_size":"h1"}}},"block_order":["heading_yQXijT"],"name":"t:sections.rich-text.presets.name","settings":{"desktop_content_position":"center","content_alignment":"center","color_scheme":"","full_width":true,"padding_top":64,"padding_bottom":12}},"collection_list_VhVznA":{"type":"collection-list","blocks":{"featured_collection_3Gjzkg":{"type":"featured_collection","settings":{"collection":"মেহেদী"}},"featured_collection_beEQdy":{"type":"featured_collection","settings":{"collection":"চুড়ি"}},"featured_collection_4qVFHw":{"type":"featured_collection","settings":{"collection":"থ্রি-পিস"}},"featured_collection_JpriBP":{"type":"featured_collection","settings":{"collection":"অর্গানিক-ক্রিম"}}},"block_order":["featured_collection_3Gjzkg","featured_collection_beEQdy","featured_collection_4qVFHw","featured_collection_JpriBP"],"name":"t:sections.collection-list.presets.name","settings":{"title":"","heading_size":"h1","image_ratio":"square","columns_desktop":4,"color_scheme":"","show_view_all":false,"columns_mobile":"1","swipe_on_mobile":false,"padding_top":36,"padding_bottom":36}},"rich_text_RLwQ83":{"type":"rich-text","blocks":{"heading_WmDe9A":{"type":"heading","settings":{"heading":"Exclusive Collection","heading_size":"h1"}}},"block_order":["heading_WmDe9A"],"name":"t:sections.rich-text.presets.name","settings":{"desktop_content_position":"center","content_alignment":"center","color_scheme":"","full_width":true,"padding_top":64,"padding_bottom":12}},"featured_collection":{"type":"featured-collection","settings":{"collection":"all","products_to_show":8,"title":"","heading_size":"h2","description":"","show_description":false,"description_style":"body","columns_desktop":4,"enable_desktop_slider":false,"full_width":false,"show_view_all":true,"view_all_style":"link","color_scheme":"scheme-1","image_ratio":"square","image_shape":"default","show_secondary_image":true,"show_vendor":false,"show_rating":false,"quick_add":"none","columns_mobile":"2","swipe_on_mobile":false,"padding_top":44,"padding_bottom":36}},"image_with_text_JRakPk":{"type":"image-with-text","blocks":{"heading_9q3taP":{"type":"heading","settings":{"heading":"About Us","heading_size":"h1"}},"text_WK7zCX":{"type":"text","settings":{"text":"<p>At Mehendi by Saba, we celebrate tradition and purity with our curated collection of three-piece outfits, organic mehendi, elegant bangles, and nourishing organic creams. Committed to quality and natural ingredients, we offer products that enhance your beauty and cultural expression while promoting health and sustainability. Experience timeless style and wellness in every purchase.<\/p>","text_style":"body"}},"button_TPRPKX":{"type":"button","settings":{"button_label":"Explore","button_link":"shopify:\/\/pages\/about-us","button_style_secondary":false}}},"block_order":["heading_9q3taP","text_WK7zCX","button_TPRPKX"],"name":"t:sections.image-with-text.presets.name","settings":{"image":"shopify:\/\/shop_images\/download_1_bea1fe72-15fb-49c5-86b7-182fdf26d19c.png","height":"medium","desktop_image_width":"medium","layout":"text_first","image_behavior":"none","content_layout":"no-overlap","desktop_content_position":"middle","desktop_content_alignment":"left","mobile_content_alignment":"left","section_color_scheme":"","color_scheme":"","padding_top":36,"padding_bottom":36}},"featured_collection_gi7jrm":{"type":"featured-collection","settings":{"collection":"মেহেদী","products_to_show":4,"title":"","heading_size":"h2","description":"","show_description":false,"description_style":"body","columns_desktop":4,"enable_desktop_slider":false,"full_width":false,"show_view_all":true,"view_all_style":"link","color_scheme":"scheme-1","image_ratio":"square","image_shape":"default","show_secondary_image":true,"show_vendor":false,"show_rating":false,"quick_add":"none","columns_mobile":"2","swipe_on_mobile":false,"padding_top":44,"padding_bottom":36}},"video_CMG6KX":{"type":"video","name":"t:sections.video.presets.name","settings":{"heading":"","heading_size":"h1","enable_video_looping":false,"video_url":"https:\/\/vimeo.com\/1108816402?share=copy","cover_image":"shopify:\/\/shop_images\/thumb.jpg","description":"","full_width":false,"color_scheme":"","padding_top":36,"padding_bottom":36}},"rich_text_FLRN7a":{"type":"rich-text","blocks":{"heading_nXigjG":{"type":"heading","settings":{"heading":"Customers Reviews","heading_size":"h1"}}},"block_order":["heading_nXigjG"],"name":"t:sections.rich-text.presets.name","settings":{"desktop_content_position":"center","content_alignment":"center","color_scheme":"","full_width":true,"padding_top":64,"padding_bottom":12}},"multicolumn_b3qdUp":{"type":"multicolumn","blocks":{"column_3jrjbW":{"type":"column","settings":{"title":"<strong>Ayesha Rahman<\/strong>","text":"<p>The organic mehendi paste was easy to prepare and lasted long. My skin felt soft and stain was vibrant.<\/p><p>⭐⭐⭐⭐⭐<\/p>","link_label":"","link":""}},"column_Urq3fH":{"type":"column","settings":{"title":"<strong>Tanjina Sultana<\/strong>","text":"<p>The bangles are handcrafted with such care. Stylish and comfortable — I wear them every day now!<\/p><p>⭐⭐⭐⭐⭐<\/p>","link_label":"","link":""}},"column_9UdaHY":{"type":"column","settings":{"title":"<strong>Jannatul Ferdous<\/strong>","text":"<p>Using the organic cream helped clear my skin and improved texture. It’s natural and safe for sensitive skin.<\/p><p>⭐⭐⭐⭐⭐<\/p>","link_label":"","link":""}}},"block_order":["column_3jrjbW","column_Urq3fH","column_9UdaHY"],"name":"t:sections.multicolumn.presets.name","settings":{"title":"","heading_size":"h1","image_width":"full","image_ratio":"square","button_label":"","button_link":"","columns_desktop":3,"column_alignment":"center","background_style":"primary","color_scheme":"","columns_mobile":"1","swipe_on_mobile":false,"padding_top":36,"padding_bottom":36}},"rich_text_6EwK9r":{"type":"rich-text","blocks":{"heading_WX6b3Q":{"type":"heading","settings":{"heading":"Blog posts","heading_size":"h1"}}},"block_order":["heading_WX6b3Q"],"name":"t:sections.rich-text.presets.name","settings":{"desktop_content_position":"center","content_alignment":"center","color_scheme":"","full_width":true,"padding_top":64,"padding_bottom":12}},"featured_blog_TMGcin":{"type":"featured-blog","custom_css":["p {display: none;}"],"name":"t:sections.featured-blog.presets.name","settings":{"blog":"news","post_limit":3,"heading":"","heading_size":"h1","columns_desktop":3,"show_view_all":true,"show_image":true,"show_date":true,"show_author":false,"color_scheme":"","padding_top":12,"padding_bottom":36}}},"order":["slideshow_p6BGwE","rich_text_iN3YnF","collection_list_VhVznA","rich_text_RLwQ83","featured_collection","image_with_text_JRakPk","featured_collection_gi7jrm","video_CMG6KX","rich_text_FLRN7a","multicolumn_b3qdUp","rich_text_6EwK9r","featured_blog_TMGcin"]}