{"name":"t:sections.footer.name","type":"footer","sections":{"newsletter_eLfhAX":{"type":"newsletter","blocks":{"heading_d3tW9E":{"type":"heading","settings":{"heading":"Sign Up","heading_size":"h1"}},"paragraph_d4rFVG":{"type":"paragraph","settings":{"text":"<p>Be the first to know about new collections and exclusive offers.<\/p>"}},"email_form_ppCy7n":{"type":"email_form","settings":{}}},"block_order":["heading_d3tW9E","paragraph_d4rFVG","email_form_ppCy7n"],"name":"t:sections.newsletter.presets.name","settings":{"color_scheme":"","full_width":true,"padding_top":40,"padding_bottom":52}},"footer":{"type":"footer","blocks":{"text_bij8zq":{"type":"text","settings":{"heading":"Mehendi By Saba","subtext":"<p>Share contact information, store details, and brand content with your customers.<\/p>"}},"link_list_zUE7ph":{"type":"link_list","settings":{"heading":"Our Policies","menu":"our-policies"}},"link_list_qkr7La":{"type":"link_list","settings":{"heading":"Help Center","menu":"help-center"}},"link_list_AHUcm6":{"type":"link_list","settings":{"heading":"Information","menu":"information"}}},"block_order":["text_bij8zq","link_list_zUE7ph","link_list_qkr7La","link_list_AHUcm6"],"settings":{"color_scheme":"scheme-3","newsletter_enable":false,"newsletter_heading":"Subscribe to our emails","enable_follow_on_shop":true,"show_social":true,"enable_country_selector":true,"enable_language_selector":true,"payment_enable":true,"show_policy":false,"margin_top":0,"padding_top":36,"padding_bottom":36}}},"order":["newsletter_eLfhAX","footer"]}